[
  {
    "icon": "fa fa-home",
    "slug": "external",
    "title": "Volver al inicio",
    "path": "index.html"
  },  
  { 
    "id": 1,
    "icon": "fa fa-play-circle",
    "slug": "tablero_control",
    "title": "1. Tablero de control",
    "breadcrumb": ["Inicio","tablero de control"],
    "path": "pages/tema-1.html",    
    "submenu": [
      {
        "icon": "fa fa-file-text",
        "slug": "tablero_control",
        "title": "1.1 Definición",
        "anchor": "tema1_1"
      },
      {
        "icon": "fa fa-file-text",
        "slug": "tablero_control",
        "title": "1.2 Importancia",
        "anchor": "tema1_2"
      },
      {
        "icon": "fa fa-file-text",
        "slug": "tablero_control",
        "title": "1.3 Visualización de los datos",
        "anchor": "tema1_3"
      }
    ]
  },
  {
    "id": 2,
    "icon": "fa fa-play-circle",
    "slug": "criterios_evaluacion",
    "title": "2. Criterios de evaluación",
    "breadcrumb": ["Inicio","criterios de evaluación"],
    "path": "pages/tema-2.html",
    "submenu": [
      {
        "icon": "fa fa-file-text",
        "slug": "criterios_evaluacion",
        "title": "2.1 Detalle de llamadas",
        "anchor": "tema2_1"
      },
      {
        "icon": "fa fa-file-text",
        "slug": "criterios_evaluacion",
        "title": "2.2 Reporte inicio sesión agente ",
        "anchor": "tema2_2"
      },
      {
        "icon": "fa fa-file-text",
        "slug": "criterios_evaluacion",
        "title": "2.3 Tipificación y resultado de la llamada",
        "anchor": "tema2_3"
      },
      {
        "icon": "fa fa-file-text",
        "slug": "criterios_evaluacion",
        "title": "2.4 Productividad por agente",
        "anchor": "tema2_4"
      },
      {
        "icon": "fa fa-file-text",
        "slug": "criterios_evaluacion",
        "title": "2.5 Informe de estados",
        "anchor": "tema2_5"
      }
    ]
  },
  {
    "id": 3,
    "icon": "fa fa-play-circle",
    "slug": "importancia_toma_decisiones",
    "title": "3. Importancia toma de decisiones en tiempo real",
    "breadcrumb": ["Inicio","Importancia toma de dicisiones en tiempo real"],
    "path": "pages/tema-3.html",
    "submenu": [
      {
        "icon": "fa fa-file-text",
        "slug": "importancia_toma_decisiones",
        "title": "3.1 Capacidad de análisis",
        "anchor": "tema3_1"
      },
      {
        "icon": "fa fa-file-text",
        "slug": "importancia_toma_decisiones",
        "title": "3.2 Acciones correctivas",
        "anchor": "tema3_2"
      },
      {
        "icon": "fa fa-file-text",
        "slug": "importancia_toma_decisiones",
        "title": "3.3 Acciones preventivas",
        "anchor": "tema3_3"
      }
    ]
  }  
]